,Cluster,Companies
0,0,14997
1,0,326
2,0,1453
3,0,16580
4,0,14745
5,0,473
6,0,184
7,0,11895
8,0,7920
9,0,461
10,0,12020
11,0,11248
12,0,14047
13,0,2694
14,0,12127
15,0,12181
16,0,11304
17,0,16157
18,0,1368
19,0,9324
20,1,35791
21,1,35511
22,1,605
23,1,2741
24,1,12371
25,1,35563
26,1,12360
27,1,612
28,1,2171
29,1,12306
30,1,596
31,1,2175
32,1,12223
33,1,12249
34,1,12305
35,1,35696
36,1,35757
37,1,35697
38,1,2643
39,1,12289
40,1,35751
41,1,2715
42,1,3252
43,1,12407
44,1,13225
45,1,13259
46,1,13282
47,1,13284
48,1,35062
49,1,13291
50,1,2070
51,1,13292
52,1,35056
53,1,35054
54,1,35053
55,1,13369
56,1,35014
57,1,2029
58,1,13337
59,1,12404
60,1,35106
61,1,35107
62,1,35442
63,1,12573
64,1,35433
65,1,35372
66,1,35370
67,1,12786
68,1,1216
69,1,12812
70,1,35258
71,1,12912
72,1,12972
73,1,2095
74,1,12981
75,1,2088
76,1,12813
77,1,35842
78,1,12129
79,1,35845
80,1,4931
81,1,11572
82,1,4986
83,1,36560
84,1,476
85,1,36563
86,1,11571
87,1,5003
88,1,36594
89,1,36596
90,1,36636
91,1,5159
92,1,36640
93,1,464
94,1,4908
95,1,36641
96,1,36646
97,1,36647
98,1,36649
99,1,36651
100,1,36652
101,1,36653
102,1,11524
103,1,5185
104,1,5264
105,1,36664
106,1,36665
107,1,11434
108,1,36668
109,1,5357
110,1,36645
111,1,35843
112,1,493
113,1,11672
114,1,35846
115,1,12180
116,1,12177
117,1,35012
118,1,12077
119,1,35885
120,1,569
121,1,567
122,1,35970
123,1,36000
124,1,4347
125,1,4499
126,1,4506
127,1,36049
128,1,11653
129,1,11906
130,1,4602
131,1,36131
132,1,36178
133,1,4771
134,1,11783
135,1,36222
136,1,36223
137,1,36224
138,1,36226
139,1,36227
140,1,36300
141,1,4875
142,1,36411
143,1,4877
144,1,4581
145,1,13661
146,1,2006
147,1,34997
148,1,16745
149,1,16716
150,1,34336
151,1,1469
152,1,1702
153,1,16668
154,1,34342
155,1,16647
156,1,1455
157,1,34343
158,1,16597
159,1,16596
160,1,34406
161,1,16567
162,1,16764
163,1,16566
164,1,1752
165,1,1754
166,1,16504
167,1,16503
168,1,16502
169,1,16500
170,1,16376
171,1,34595
172,1,1774
173,1,1411
174,1,16375
175,1,1782
176,1,16183
177,1,16163
178,1,1741
179,1,16161
180,1,1683
181,1,1491
182,1,1584
183,1,1598
184,1,17240
185,1,17239
186,1,17092
187,1,17077
188,1,17594
189,1,1616
190,1,17032
191,1,17656
192,1,1548
193,1,17749
194,1,17750
195,1,1633
196,1,1680
197,1,16969
198,1,18426
199,1,18457
200,1,18458
201,1,18551
202,1,1649
203,1,18553
204,1,16958
205,1,18677
206,1,16894
207,1,18754
208,1,18815
209,1,16888
210,1,34320
211,1,1495
212,1,18287
213,1,16160
214,1,16121
215,1,1391
216,1,1327
217,1,14825
218,1,34875
219,1,14782
220,1,1928
221,1,1320
222,1,14697
223,1,1943
224,1,34889
225,1,34893
226,1,1302
227,1,1955
228,1,34937
229,1,1961
230,1,14827
231,1,14160
232,1,1290
233,1,34943
234,1,14060
235,1,1985
236,1,14037
237,1,13990
238,1,34952
239,1,13944
240,1,34957
241,1,1999
242,1,2004
243,1,5481
244,1,13832
245,1,13829
246,1,1972
247,1,34849
248,1,15002
249,1,15013
250,1,16117
251,1,16014
252,1,16013
253,1,34703
254,1,1381
255,1,15986
256,1,1855
257,1,34740
258,1,34743
259,1,15937
260,1,34750
261,1,34763
262,1,34764
263,1,15906
264,1,15799
265,1,15784
266,1,34799
267,1,15050
268,1,34845
269,1,1895
270,1,15067
271,1,15120
272,1,15121
273,1,35004
274,1,15122
275,1,34835
276,1,1885
277,1,15124
278,1,15273
279,1,1359
280,1,15692
281,1,34836
282,1,5483
283,1,17474
284,1,48139
285,1,324
286,1,51700
287,1,42218
288,1,9185
289,1,10034
290,1,10036
291,1,42220
292,1,10704
293,1,10701
294,1,6581
295,1,6583
296,1,42385
297,1,51691
298,1,51690
299,1,51678
300,1,10040
301,1,9080
302,1,42386
303,1,42387
304,1,51257
305,1,6598
306,1,51254
307,1,43083
308,1,42217
309,1,51253
310,1,42216
311,1,10779
312,1,61440
313,1,111
314,1,347
315,1,6338
316,1,10817
317,1,61439
318,1,9319
319,1,9995
320,1,61432
321,1,9310
322,1,41928
323,1,6374
324,1,9307
325,1,9296
326,1,249
327,1,10781
328,1,9998
329,1,9999
330,1,10000
331,1,51705
332,1,51703
333,1,42215
334,1,9225
335,1,10734
336,1,51252
337,1,43088
338,1,51251
339,1,46506
340,1,6857
341,1,10348
342,1,47127
343,1,6924
344,1,10534
345,1,7245
346,1,10351
347,1,10533
348,1,10376
349,1,7212
350,1,7054
351,1,7197
352,1,10495
353,1,10396
354,1,48498
355,1,7121
356,1,243
357,1,48150
358,1,10484
359,1,48149
360,1,7095
361,1,7094
362,1,10346
363,1,6835
364,1,49876
365,1,46134
366,1,10691
367,1,6735
368,1,43093
369,1,10650
370,1,6781
371,1,51245
372,1,6782
373,1,10105
374,1,50935
375,1,7905
376,1,10275
377,1,9982
378,1,6807
379,1,7394
380,1,7391
381,1,10629
382,1,45130
383,1,10604
384,1,10298
385,1,10300
386,1,10301
387,1,10602
388,1,10591
389,1,7386
390,1,10296
391,1,107
392,1,61407
393,1,105
394,1,11219
395,1,39227
396,1,39232
397,1,6021
398,1,57
399,1,66337
400,1,9892
401,1,9898
402,1,9389
403,1,11218
404,1,61446
405,1,9365
406,1,11104
407,1,65452
408,1,11073
409,1,9926
410,1,6178
411,1,11004
412,1,6197
413,1,9927
414,1,9360
415,1,6011
416,1,38762
417,1,5735
418,1,38519
419,1,9702
420,1,114403
421,1,9781
422,1,9783
423,1,9844
424,1,9572
425,1,5690
426,1,9541
427,1,5703
428,1,408
429,1,40167
430,1,9504
431,1,9888
432,1,9889
433,1,36709
434,1,5708
435,1,9891
436,1,36711
437,1,11249
438,1,36726
439,1,5734
440,1,37960
441,1,9882
442,1,40418
443,1,9916
444,1,64201
445,1,40962
446,1,93
447,1,6336
448,1,41179
449,1,61448
450,1,352
451,1,10878
452,1,94
453,1,9981
454,1,10835
455,1,10860
456,1,6337
457,1,40419
458,1,6202
459,1,61468
460,1,10863
461,1,64200
462,1,9928
463,1,9936
464,1,9357
465,2,1546
466,2,1967
467,2,49605
468,2,34884
469,2,1417
470,2,1770
471,2,1638
472,2,221
473,2,1531
474,2,1308
475,2,1954
476,2,1945
477,2,102
478,2,1936
479,2,9534
480,2,38
481,2,1593
482,2,1720
483,2,10459
484,2,2013
485,2,1266
486,2,17476
487,2,1596
488,2,9638
489,2,240
490,2,239
491,2,1430
492,2,1448
493,2,1748
494,2,1280
495,2,1565
496,2,1563
497,2,1751
498,2,1987
499,2,1450
500,2,1618
501,2,9996
502,2,1431
503,2,13975
504,2,14655
505,2,208
506,2,34594
507,2,1470
508,2,180
509,2,1351
510,2,1352
511,2,178
512,2,9925
513,2,51255
514,2,1660
515,2,173
516,2,1695
517,2,9037
518,2,1471
519,2,1828
520,2,1674
521,2,16766
522,2,1498
523,2,1497
524,2,1835
525,2,16007
526,2,1380
527,2,9039
528,2,1652
529,2,1697
530,2,1886
531,2,211
532,2,101
533,2,1456
534,2,1529
535,2,1493
536,2,1776
537,2,16967
538,2,1526
539,2,14872
540,2,1914
541,2,199
542,2,1794
543,2,1796
544,2,1339
545,2,1404
546,2,9258
547,2,1647
548,2,1463
549,2,118397
550,2,10099
551,2,148
552,2,1714
553,2,13606
554,2,36679
555,2,581
556,2,566
557,2,562
558,2,561
559,2,1587
560,2,10815
561,2,556
562,2,4356
563,2,41556
564,2,4427
565,2,348
566,2,349
567,2,4572
568,2,4587
569,2,527
570,2,4772
571,2,359
572,2,4435
573,2,6203
574,2,6373
575,2,3109
576,2,6599
577,2,1144
578,2,2185
579,2,2674
580,2,1133
581,2,2702
582,2,602
583,2,572
584,2,590
585,2,332
586,2,35852
587,2,334
588,2,583
589,2,2904
590,2,2023
591,2,579
592,2,588
593,2,4791
594,2,514
595,2,4800
596,2,407
597,2,449
598,2,11523
599,2,446
600,2,11502
601,2,5701
602,2,437
603,2,451
604,2,36683
605,2,5312
606,2,5317
607,2,428
608,2,426
609,2,416
610,2,423
611,2,5565
612,2,5310
613,2,5709
614,2,5166
615,2,462
616,2,509
617,2,508
618,2,4853
619,2,6201
620,2,4909
621,2,4934
622,2,11577
623,2,4985
624,2,483
625,2,482
626,2,6029
627,2,477
628,2,382
629,2,475
630,2,383
631,2,390
632,2,6010
633,2,6620
634,2,6630
635,2,1662
636,2,2169
637,2,1244
638,2,10551
639,2,1220
640,2,2035
641,2,10492
642,2,2042
643,2,1180
644,2,35197
645,2,6828
646,2,2045
647,2,12603
648,2,1236
649,2,6942
650,2,13285
651,2,290
652,2,2033
653,2,35196
654,2,6814
655,2,2157
656,2,1253
657,2,2167
658,2,1249
659,2,298
660,2,12513
661,2,2139
662,2,13045
663,2,1252
664,2,1251
665,3,11697
666,3,11671
667,3,11625
668,3,1693
669,3,6151
670,3,16790
671,3,1666
672,3,1968
673,3,6890
674,3,1700
675,3,1678
676,3,11613
677,3,4792
678,3,1694
679,3,9349
680,3,2074
681,3,1679
682,3,11780
683,3,4945
684,3,11774
685,3,1681
686,3,14161
687,3,1956
688,3,9358
689,3,6855
690,3,4834
691,3,10345
692,3,11758
693,3,7230
694,3,16892
695,3,5278
696,3,1622
697,3,11435
698,3,13527
699,3,2010
700,3,11301
701,3,1632
702,3,11308
703,3,1606
704,3,17411
705,3,13742
706,3,5437
707,3,13584
708,3,2020
709,3,13827
710,3,10419
711,3,5179
712,3,2000
713,3,16896
714,3,1977
715,3,9367
716,3,9901
717,3,4990
718,3,7325
719,3,1982
720,3,6943
721,3,13360
722,3,7055
723,3,2044
724,3,1992
725,3,16975
726,3,17029
727,3,9459
728,3,6933
729,3,10882
730,3,11838
731,3,16658
732,3,2719
733,3,2723
734,3,2138
735,3,6547
736,3,2733
737,3,2739
738,3,2745
739,3,16011
740,3,10635
741,3,2136
742,3,16155
743,3,6447
744,3,14953
745,3,1913
746,3,9259
747,3,1801
748,3,16120
749,3,2717
750,3,9159
751,3,10039
752,3,2181
753,3,15272
754,3,12303
755,3,15627
756,3,1877
757,3,9033
758,3,10104
759,3,10094
760,3,2684
761,3,2686
762,3,2700
763,3,15920
764,3,8990
765,3,2707
766,3,9104
767,3,2709
768,3,12251
769,3,1797
770,3,13193
771,3,12611
772,3,7403
773,3,14608
774,3,11965
775,3,1735
776,3,11964
777,3,1732
778,3,14512
779,3,4521
780,3,4431
781,3,9321
782,3,2091
783,3,11894
784,3,10861
785,3,6709
786,3,11820
787,3,7328
788,3,9971
789,3,2094
790,3,16523
791,3,1747
792,3,6816
793,3,9272
794,3,12144
795,3,6411
796,3,12122
797,3,12753
798,3,2120
799,3,1927
800,3,3151
801,3,16431
802,3,16454
803,3,12064
804,3,2114
805,3,12837
806,3,9313
807,3,12883
808,3,3290
809,3,2105
810,3,12618
811,3,13649
812,3,3
813,3,9680
814,3,256
815,3,47130
816,3,47129
817,3,1294
818,3,34942
819,3,282
820,3,34945
821,3,34946
822,3,45129
823,3,34950
824,3,1281
825,3,44406
826,3,34991
827,3,1264
828,3,35005
829,3,1259
830,3,42388
831,3,1256
832,3,328
833,3,1241
834,3,329
835,3,41931
836,3,338
837,3,1229
838,3,35064
839,3,34886
840,3,1316
841,3,1317
842,3,1319
843,3,34605
844,3,1398
845,3,34687
846,3,34696
847,3,34697
848,3,1387
849,3,171
850,3,51256
851,3,194
852,3,1379
853,3,34734
854,3,50929
855,3,35067
856,3,34747
857,3,34801
858,3,34803
859,3,222
860,3,49339
861,3,34841
862,3,1336
863,3,1332
864,3,34854
865,3,48497
866,3,48152
867,3,1323
868,3,1321
869,3,50470
870,3,35105
871,3,41181
872,3,41180
873,3,606
874,3,36661
875,3,35793
876,3,443
877,3,584
878,3,582
879,3,455
880,3,36524
881,3,36522
882,3,573
883,3,36521
884,3,35921
885,3,614
886,3,35924
887,3,36479
888,3,36418
889,3,496
890,3,549
891,3,498
892,3,36415
893,3,36414
894,3,36045
895,3,543
896,3,504
897,3,539
898,3,36092
899,3,491
900,3,158
901,3,615
902,3,35746
903,3,41177
904,3,357
905,3,1207
906,3,1201
907,3,40963
908,3,40166
909,3,39865
910,3,35262
911,3,379
912,3,35305
913,3,1184
914,3,39423
915,3,1125
916,3,384
917,3,1177
918,3,38983
919,3,35477
920,3,36713
921,3,1164
922,3,36710
923,3,403
924,3,1159
925,3,1154
926,3,413
927,3,1131
928,3,36680
929,3,1178
930,3,51693
931,3,522
932,3,34548
933,3,74
934,3,61447
935,3,1437
936,3,34533
937,3,63224
938,3,1476
939,3,1578
940,3,1576
941,3,17595
942,3,1523
943,3,6
944,3,20
945,3,1478
946,3,114
947,3,1512
948,3,64857
949,3,1421
950,3,1457
951,3,1408
952,3,30181
953,3,65471
954,3,34602
955,3,18756
956,3,34599
957,3,1514
958,3,61465
959,3,1432
960,3,1428
961,3,83985
962,3,68
963,3,65453
964,3,34338
965,3,1555
966,3,51695
967,3,34325
968,3,1454
969,3,1533
970,4,9984
971,4,297
972,4,15274
973,4,26
974,4,350
975,4,1347
976,4,1268
977,4,15047
978,4,9399
979,4,6511
980,4,346
981,4,10326
982,4,9112
983,4,11397
984,4,1995
985,4,16254
986,4,1277
987,4,4816
988,4,1460
989,4,1250
990,4,600
991,4,11751
992,4,17414
993,4,10697
994,4,14223
995,4,1208
996,4,9705
997,4,12290
998,4,10106
999,5,1940
1000,5,35512
1001,5,10579
1002,5,1962
1003,5,10478
1004,5,466
1005,5,5199
1006,5,6535
1007,5,12406
1008,5,9865
1009,5,16579
1010,5,6546
1011,5,10780
1012,5,450
1013,5,5776
1014,5,1298
1015,5,14224
1016,5,10772
1017,5,1750
1018,5,10700
1019,5,10588
1020,5,9297
1021,5,16173
1022,5,16172
1023,5,1198
1024,5,2102
1025,5,4815
1026,5,1822
1027,5,16327
1028,5,1191
1029,5,16055
1030,5,188
1031,5,8994
1032,5,1413
1033,5,35147
1034,5,4991
1035,5,292
1036,5,10880
1037,5,1672
1038,5,13206
1039,5,15694
1040,5,123
1041,5,340
1042,5,1902
1043,5,10347
1044,5,10699
1045,5,17481
1046,5,35923
1047,5,34337
1048,5,6363
1049,5,34847
1050,6,69313
1051,6,36688
1052,6,11253
1053,6,9883
1054,6,11254
1055,6,36689
1056,6,66342
1057,6,10038
1058,6,11220
1059,6,11247
1060,6,39616
1061,6,65458
1062,6,11096
1063,6,9899
1064,6,11109
1065,6,11138
1066,6,11169
1067,6,11194
1068,6,11213
1069,6,11215
1070,6,39614
1071,6,36716
1072,6,39226
1073,6,11238
1074,6,9897
1075,6,66334
1076,6,11239
1077,6,66340
1078,6,38761
1079,6,11240
1080,6,11242
1081,6,38521
1082,6,37729
1083,6,66341
1084,6,11230
1085,6,36686
1086,6,36666
1087,6,36684
1088,6,11624
1089,6,11623
1090,6,11614
1091,6,36474
1092,6,11607
1093,6,36482
1094,6,106940
1095,6,9772
1096,6,36483
1097,6,36484
1098,6,9784
1099,6,11576
1100,6,11573
1101,6,9785
1102,6,9796
1103,6,36523
1104,6,11606
1105,6,9703
1106,6,11654
1107,6,36417
1108,6,36249
1109,6,36252
1110,6,36337
1111,6,36338
1112,6,11779
1113,6,11777
1114,6,11775
1115,6,36339
1116,6,36367
1117,6,9700
1118,6,36407
1119,6,11757
1120,6,11709
1121,6,9701
1122,6,36408
1123,6,11708
1124,6,115868
1125,6,36556
1126,6,11255
1127,6,36566
1128,6,11551
1129,6,11393
1130,6,36670
1131,6,36671
1132,6,11377
1133,6,36675
1134,6,11342
1135,6,36676
1136,6,36669
1137,6,36677
1138,6,9867
1139,6,11316
1140,6,11315
1141,6,36681
1142,6,36682
1143,6,73646
1144,6,11302
1145,6,78382
1146,6,11399
1147,6,9864
1148,6,39617
1149,6,11550
1150,6,9852
1151,6,9856
1152,6,36654
1153,6,36655
1154,6,106031
1155,6,36657
1156,6,11516
1157,6,9857
1158,6,11491
1159,6,9863
1160,6,11478
1161,6,11472
1162,6,11443
1163,6,36658
1164,6,36660
1165,6,105741
1166,6,36592
1167,6,11072
1168,6,10810
1169,6,11044
1170,6,9997
1171,6,10400
1172,6,61427
1173,6,10399
1174,6,10397
1175,6,48499
1176,6,10395
1177,6,48934
1178,6,10377
1179,6,61411
1180,6,48940
1181,6,49336
1182,6,49338
1183,6,10375
1184,6,61399
1185,6,48147
1186,6,10461
1187,6,10476
1188,6,10483
1189,6,47531
1190,6,47532
1191,6,47533
1192,6,10523
1193,6,10522
1194,6,48130
1195,6,10496
1196,6,49340
1197,6,48131
1198,6,48132
1199,6,61436
1200,6,61431
1201,6,48134
1202,6,61430
1203,6,48140
1204,6,48146
1205,6,10493
1206,6,47131
1207,6,10349
1208,6,49870
1209,6,50939
1210,6,50943
1211,6,51249
1212,6,10093
1213,6,51260
1214,6,10018
1215,6,51697
1216,6,51696
1217,6,51262
1218,6,10073
1219,6,51263
1220,6,10072
1221,6,10069
1222,6,51264
1223,6,51679
1224,6,51701
1225,6,51710
1226,6,50937
1227,6,50934
1228,6,10344
1229,6,61376
1230,6,49871
1231,6,49874
1232,6,10337
1233,6,49878
1234,6,49879
1235,6,49341
1236,6,49880
1237,6,50477
1238,6,50481
1239,6,10292
1240,6,10277
1241,6,51719
1242,6,51717
1243,6,50932
1244,6,50475
1245,6,39619
1246,6,10535
1247,6,10536
1248,6,64866
1249,6,10037
1250,6,10783
1251,6,10782
1252,6,64192
1253,6,41934
1254,6,63490
1255,6,10778
1256,6,63489
1257,6,10733
1258,6,42219
1259,6,42378
1260,6,42382
1261,6,42383
1262,6,42384
1263,6,10813
1264,6,41930
1265,6,41554
1266,6,41553
1267,6,11043
1268,6,39621
1269,6,11001
1270,6,10970
1271,6,9900
1272,6,65457
1273,6,40967
1274,6,9929
1275,6,10933
1276,6,65455
1277,6,40969
1278,6,10869
1279,6,10864
1280,6,41174
1281,6,65450
1282,6,10834
1283,6,40968
1284,6,9983
1285,6,42578
1286,6,10694
1287,6,45131
1288,6,11782
1289,6,61456
1290,6,10603
1291,6,61442
1292,6,45836
1293,6,10601
1294,6,45837
1295,6,46499
1296,6,46505
1297,6,46508
1298,6,61437
1299,6,46509
1300,6,10537
1301,6,46753
1302,6,9972
1303,6,10605
1304,6,45126
1305,6,44407
1306,6,10693
1307,6,9937
1308,6,42580
1309,6,43084
1310,6,43086
1311,6,10692
1312,6,43092
1313,6,10695
1314,6,10654
1315,6,10651
1316,6,44167
1317,6,44405
1318,6,9939
1319,6,61462
1320,6,10634
1321,6,61458
1322,6,10652
1323,6,45834
1324,6,17475
1325,6,36220
1326,6,15691
1327,6,15628
1328,6,34828
1329,6,34829
1330,6,34831
1331,6,34832
1332,6,34834
1333,6,34838
1334,6,34840
1335,6,15076
1336,6,34842
1337,6,34844
1338,6,15063
1339,6,34848
1340,6,15001
1341,6,34850
1342,6,14990
1343,6,14954
1344,6,34853
1345,6,15733
1346,6,15736
1347,6,34798
1348,6,34797
1349,6,16099
1350,6,34698
1351,6,16052
1352,6,16051
1353,6,16049
1354,6,16047
1355,6,34701
1356,6,34702
1357,6,16006
1358,6,14946
1359,6,34735
1360,6,34737
1361,6,15935
1362,6,34762
1363,6,15917
1364,6,15907
1365,6,34796
1366,6,15905
1367,6,15874
1368,6,15864
1369,6,15984
1370,6,14918
1371,6,34855
1372,6,14871
1373,6,14162
1374,6,34938
1375,6,34939
1376,6,14159
1377,6,14148
1378,6,34940
1379,6,34941
1380,6,14147
1381,6,14129
1382,6,14171
1383,6,14128
1384,6,14093
1385,6,14048
1386,6,34947
1387,6,34948
1388,6,14040
1389,6,34949
1390,6,14039
1391,6,34951
1392,6,14033
1393,6,14106
1394,6,16100
1395,6,14172
1396,6,34935
1397,6,34873
1398,6,34874
1399,6,14780
1400,6,34876
1401,6,14779
1402,6,14747
1403,6,14704
1404,6,34885
1405,6,14654
1406,6,14174
1407,6,14607
1408,6,14556
1409,6,34887
1410,6,34888
1411,6,34892
1412,6,14500
1413,6,14213
1414,6,14212
1415,6,14206
1416,6,34934
1417,6,14557
1418,6,16101
1419,6,16107
1420,6,34685
1421,6,16914
1422,6,18753
1423,6,16890
1424,6,9691
1425,6,16889
1426,6,18848
1427,6,18851
1428,6,16887
1429,6,34315
1430,6,18721
1431,6,34317
1432,6,34321
1433,6,34324
1434,6,34326
1435,6,34327
1436,6,16763
1437,6,16762
1438,6,34328
1439,6,34329
1440,6,16669
1441,6,34318
1442,6,34339
1443,6,18576
1444,6,18325
1445,6,17477
1446,6,17410
1447,6,17309
1448,6,17479
1449,6,17506
1450,6,17507
1451,6,17508
1452,6,17075
1453,6,17642
1454,6,18552
1455,6,17063
1456,6,17033
1457,6,17644
1458,6,17693
1459,6,17751
1460,6,17753
1461,6,17821
1462,6,18285
1463,6,16974
1464,6,16970
1465,6,17034
1466,6,34955
1467,6,34340
1468,6,16665
1469,6,34546
1470,6,16377
1471,6,34591
1472,6,34596
1473,6,34598
1474,6,16326
1475,6,16297
1476,6,16276
1477,6,16255
1478,6,34544
1479,6,34603
1480,6,16208
1481,6,34604
1482,6,16184
1483,6,16175
1484,6,16171
1485,6,34675
1486,6,34678
1487,6,16159
1488,6,34683
1489,6,16209
1490,6,34341
1491,6,34532
1492,6,16510
1493,6,16651
1494,6,16624
1495,6,16616
1496,6,34400
1497,6,34401
1498,6,34403
1499,6,16595
1500,6,16581
1501,6,34404
1502,6,34479
1503,6,34405
1504,6,34408
1505,6,34467
1506,6,34468
1507,6,16527
1508,6,34469
1509,6,34472
1510,6,34473
1511,6,34475
1512,6,16511
1513,6,16569
1514,6,36221
1515,6,13989
1516,6,34956
1517,6,35753
1518,6,35754
1519,6,35758
1520,6,12248
1521,6,12242
1522,6,12199
1523,6,35792
1524,6,12198
1525,6,12197
1526,6,35840
1527,6,12196
1528,6,35841
1529,6,35850
1530,6,35851
1531,6,17438
1532,6,12173
1533,6,12172
1534,6,35855
1535,6,12142
1536,6,35752
1537,6,12250
1538,6,35750
1539,6,35749
1540,6,12343
1541,6,12342
1542,6,35610
1543,6,35614
1544,6,35615
1545,6,35616
1546,6,35643
1547,6,35698
1548,6,35699
1549,6,12141
1550,6,35700
1551,6,12302
1552,6,12294
1553,6,12293
1554,6,35745
1555,6,12288
1556,6,12280
1557,6,35747
1558,6,12264
1559,6,12263
1560,6,35701
1561,6,12140
1562,6,12131
1563,6,12130
1564,6,36009
1565,6,11957
1566,6,11949
1567,6,11940
1568,6,11909
1569,6,11908
1570,6,36047
1571,6,11907
1572,6,36051
1573,6,36007
1574,6,36052
1575,6,36093
1576,6,36095
1577,6,11893
1578,6,11892
1579,6,11840
1580,6,11839
1581,6,36179
1582,6,11822
1583,6,36218
1584,6,36091
1585,6,12356
1586,6,12004
1587,6,36004
1588,6,35858
1589,6,12128
1590,6,35880
1591,6,12126
1592,6,35881
1593,6,12120
1594,6,35883
1595,6,12076
1596,6,12075
1597,6,36005
1598,6,12062
1599,6,35925
1600,6,12037
1601,6,12036
1602,6,36001
1603,6,12022
1604,6,36002
1605,6,36003
1606,6,12014
1607,6,12013
1608,6,12045
1609,6,35513
1610,6,12374
1611,6,12403
1612,6,13496
1613,6,13373
1614,6,35019
1615,6,35051
1616,6,35052
1617,6,13363
1618,6,35057
1619,6,13338
1620,6,35058
1621,6,13497
1622,6,13336
1623,6,35059
1624,6,13286
1625,6,35060
1626,6,35066
1627,6,13262
1628,6,13261
1629,6,13230
1630,6,13226
1631,6,35068
1632,6,13297
1633,6,13209
1634,6,35018
1635,6,35015
1636,6,13943
1637,6,34958
1638,6,34959
1639,6,13884
1640,6,13867
1641,6,34960
1642,6,34961
1643,6,13833
1644,6,34993
1645,6,35016
1646,6,34996
1647,6,13732
1648,6,13659
1649,6,35006
1650,6,35009
1651,6,13604
1652,6,35011
1653,6,13582
1654,6,13542
1655,6,13541
1656,6,35003
1657,6,13954
1658,6,13208
1659,6,35108
1660,6,35373
1661,6,12626
1662,6,12624
1663,6,12619
1664,6,35374
1665,6,12614
1666,6,35435
1667,6,12583
1668,6,12582
1669,6,35371
1670,6,12581
1671,6,35440
1672,6,12572
1673,6,12532
1674,6,35444
1675,6,12470
1676,6,12420
1677,6,12419
1678,6,35476
1679,6,12405
1680,6,35436
1681,6,13207
1682,6,35304
1683,6,12836
1684,6,13205
1685,6,35146
1686,6,13192
1687,6,13051
1688,6,13050
1689,6,13046
1690,6,35194
1691,6,35195
1692,6,35231
1693,6,12835
1694,6,12949
1695,6,12911
1696,6,12910
1697,6,12895
1698,6,12894
1699,6,12892
1700,6,12891
1701,6,35259
1702,6,12881
1703,6,35261
1704,6,35232
1705,6,12174
1706,6,121578
1707,6,9679
1708,6,515
1709,6,516
1710,6,2037
1711,6,519
1712,6,520
1713,6,525
1714,6,2024
1715,6,2038
1716,6,2022
1717,6,535
1718,6,2014
1719,6,536
1720,6,537
1721,6,538
1722,6,542
1723,6,2002
1724,6,532
1725,6,512
1726,6,511
1727,6,2047
1728,6,2069
1729,6,488
1730,6,489
1731,6,490
1732,6,2064
1733,6,2063
1734,6,2062
1735,6,492
1736,6,2059
1737,6,494
1738,6,495
1739,6,2055
1740,6,497
1741,6,500
1742,6,503
1743,6,2049
1744,6,510
1745,6,545
1746,6,2072
1747,6,1998
1748,6,1994
1749,6,593
1750,6,1935
1751,6,1932
1752,6,599
1753,6,603
1754,6,604
1755,6,1922
1756,6,1939
1757,6,609
1758,6,1918
1759,6,1088
1760,6,1128
1761,6,1915
1762,6,1911
1763,6,1907
1764,6,1904
1765,6,611
1766,6,1941
1767,6,591
1768,6,1944
1769,6,1989
1770,6,548
1771,6,552
1772,6,553
1773,6,557
1774,6,1973
1775,6,1971
1776,6,564
1777,6,1963
1778,6,575
1779,6,577
1780,6,1958
1781,6,1957
1782,6,578
1783,6,1947
1784,6,589
1785,6,1946
1786,6,1997
1787,6,487
1788,6,2076
1789,6,486
1790,6,395
1791,6,2731
1792,6,2729
1793,6,2721
1794,6,2713
1795,6,2711
1796,6,2696
1797,6,2737
1798,6,2692
1799,6,2688
1800,6,2682
1801,6,401
1802,6,402
1803,6,2179
1804,6,412
1805,6,2161
1806,6,397
1807,6,394
1808,6,389
1809,6,2900
1810,6,4402
1811,6,366
1812,6,367
1813,6,4031
1814,6,3248
1815,6,372
1816,6,3234
1817,6,3157
1818,6,373
1819,6,376
1820,6,377
1821,6,3081
1822,6,380
1823,6,381
1824,6,2912
1825,6,2908
1826,6,386
1827,6,415
1828,6,418
1829,6,2155
1830,6,420
1831,6,2115
1832,6,2113
1833,6,2111
1834,6,468
1835,6,2109
1836,6,472
1837,6,474
1838,6,2101
1839,6,2100
1840,6,2099
1841,6,478
1842,6,481
1843,6,2090
1844,6,2084
1845,6,2081
1846,6,2079
1847,6,2078
1848,6,465
1849,6,1903
1850,6,463
1851,6,2124
1852,6,425
1853,6,2149
1854,6,2146
1855,6,2145
1856,6,436
1857,6,440
1858,6,2140
1859,6,445
1860,6,2135
1861,6,2134
1862,6,447
1863,6,453
1864,6,454
1865,6,456
1866,6,2130
1867,6,457
1868,6,2126
1869,6,2122
1870,6,1897
1871,6,1894
1872,6,1879
1873,6,1560
1874,6,1299
1875,6,1553
1876,6,1551
1877,6,1303
1878,6,1540
1879,6,1313
1880,6,1297
1881,6,1314
1882,6,1525
1883,6,1524
1884,6,1322
1885,6,1520
1886,6,1519
1887,6,1324
1888,6,1325
1889,6,1315
1890,6,1567
1891,6,1293
1892,6,1572
1893,6,1272
1894,6,1273
1895,6,1624
1896,6,1620
1897,6,1275
1898,6,1276
1899,6,1612
1900,6,1610
1901,6,1609
1902,6,1279
1903,6,1604
1904,6,1602
1905,6,1594
1906,6,1591
1907,6,1582
1908,6,1291
1909,6,1574
1910,6,1328
1911,6,1515
1912,6,1513
1913,6,1330
1914,6,1435
1915,6,1369
1916,6,1433
1917,6,1371
1918,6,1429
1919,6,1427
1920,6,1426
1921,6,1376
1922,6,1415
1923,6,1414
1924,6,1410
1925,6,1406
1926,6,1405
1927,6,1403
1928,6,1388
1929,6,1400
1930,6,1393
1931,6,1438
1932,6,1642
1933,6,1365
1934,6,1356
1935,6,1331
1936,6,1507
1937,6,1506
1938,6,1505
1939,6,1334
1940,6,1500
1941,6,1338
1942,6,1492
1943,6,1340
1944,6,1344
1945,6,1486
1946,6,1484
1947,6,1480
1948,6,1346
1949,6,1467
1950,6,1461
1951,6,1350
1952,6,1363
1953,6,4423
1954,6,1644
1955,6,1650
1956,6,1825
1957,6,1197
1958,6,1820
1959,6,1200
1960,6,1203
1961,6,1204
1962,6,1809
1963,6,1194
1964,6,1807
1965,6,1803
1966,6,1800
1967,6,1211
1968,6,1792
1969,6,1788
1970,6,1784
1971,6,1783
1972,6,1804
1973,6,1193
1974,6,1830
1975,6,1832
1976,6,1167
1977,6,1174
1978,6,1869
1979,6,1868
1980,6,1866
1981,6,1862
1982,6,1860
1983,6,1859
1984,6,1851
1985,6,1185
1986,6,1849
1987,6,1847
1988,6,1844
1989,6,1840
1990,6,1837
1991,6,1834
1992,6,1833
1993,6,1769
1994,6,1224
1995,6,1767
1996,6,1225
1997,6,1703
1998,6,1258
1999,6,1690
2000,6,1261
2001,6,1688
2002,6,1686
2003,6,1685
2004,6,1676
2005,6,1670
2006,6,9688
2007,6,1262
2008,6,1663
2009,6,1658
2010,6,1656
2011,6,1654
2012,6,1653
2013,6,1263
2014,6,1257
2015,6,1265
2016,6,1255
2017,6,1247
2018,6,1762
2019,6,1230
2020,6,1758
2021,6,1232
2022,6,1739
2023,6,1737
2024,6,1734
2025,6,1234
2026,6,1235
2027,6,1237
2028,6,1729
2029,6,1725
2030,6,1238
2031,6,1723
2032,6,1722
2033,6,1239
2034,6,1246
2035,6,1248
2036,6,4437
2037,6,2106
2038,6,255
2039,6,9322
2040,6,7211
2041,6,9320
2042,6,7242
2043,6,7243
2044,6,6018
2045,6,122
2046,6,6019
2047,6,261
2048,6,6030
2049,6,362
2050,6,9314
2051,6,6031
2052,6,260
2053,6,258
2054,6,6940
2055,6,9312
2056,6,80
2057,6,7249
2058,6,6047
2059,6,9311
2060,6,253
2061,6,6048
2062,6,6095
2063,6,9309
2064,6,9308
2065,6,6604
2066,6,267
2067,6,5775
2068,6,9323
2069,6,7184
2070,6,77
2071,6,295
2072,6,216
2073,6,293
2074,6,291
2075,6,126
2076,6,9363
2077,6,9362
2078,6,9359
2079,6,287
2080,6,9356
2081,6,286
2082,6,125
2083,6,83
2084,6,5522
2085,6,9351
2086,6,281
2087,6,9347
2088,6,5665
2089,6,5673
2090,6,278
2091,6,9345
2092,6,276
2093,6,5707
2094,6,275
2095,6,201
2096,6,6618
2097,6,272
2098,6,5544
2099,6,296
2100,6,7267
2101,6,251
2102,6,9075
2103,6,9036
2104,6,99
2105,6,6534
2106,6,6281
2107,6,6284
2108,6,118
2109,6,230
2110,6,6333
2111,6,104
2112,6,7388
2113,6,6487
2114,6,117
2115,6,106
2116,6,6353
2117,6,108
2118,6,8969
2119,6,7766
2120,6,220
2121,6,6392
2122,6,7400
2123,6,112
2124,6,217
2125,6,113
2126,6,213
2127,6,6410
2128,6,6446
2129,6,9081
2130,6,6545
2131,6,9082
2132,6,234
2133,6,9216
2134,6,6103
2135,6,247
2136,6,6584
2137,6,6582
2138,6,7301
2139,6,6115
2140,6,6139
2141,6,88
2142,6,6152
2143,6,246
2144,6,245
2145,6,6186
2146,6,7268
2147,6,203
2148,6,242
2149,6,6193
2150,6,7309
2151,6,6196
2152,6,6232
2153,6,121
2154,6,7359
2155,6,9173
2156,6,238
2157,6,207
2158,6,120
2159,6,95
2160,6,9093
2161,6,7302
2162,6,75
2163,6,9364
2164,6,9387
2165,6,163
2166,6,9626
2167,6,339
2168,6,9594
2169,6,4774
2170,6,9593
2171,6,6833
2172,6,330
2173,6,34
2174,6,43
2175,6,9586
2176,6,325
2177,6,4813
2178,6,323
2179,6,322
2180,6,47
2181,6,6826
2182,6,49
2183,6,9574
2184,6,9366
2185,6,4852
2186,6,51
2187,6,160
2188,6,6809
2189,6,4876
2190,6,6856
2191,6,157
2192,6,7076
2193,6,4722
2194,6,361
2195,6,6925
2196,6,4493
2197,6,9646
2198,6,358
2199,6,356
2200,6,355
2201,6,4511
2202,6,6889
2203,6,4569
2204,6,4575
2205,6,9642
2206,6,4615
2207,6,4619
2208,6,9637
2209,6,353
2210,6,9635
2211,6,17
2212,6,345
2213,6,4687
2214,6,9634
2215,6,167
2216,6,7073
2217,6,4699
2218,6,28
2219,6,341
2220,6,6788
2221,6,6815
2222,6,4948
2223,6,4935
2224,6,9487
2225,6,192
2226,6,4947
2227,6,315
2228,6,4971
2229,6,4972
2230,6,5002
2231,6,309
2232,6,5147
2233,6,196
2234,6,9426
2235,6,6731
2236,6,7118
2237,6,5191
2238,6,5198
2239,6,9400
2240,6,9394
2241,6,5262
2242,6,200
2243,6,7119
2244,6,5263
2245,6,301
2246,6,147
2247,6,7120
2248,6,299
2249,6,5300
2250,6,60
2251,6,6757
2252,6,215
2253,6,4930
2254,6,9540
2255,6,7116
2256,6,4902
2257,6,151
2258,6,154
2259,6,4883
2260,6,4882
2261,6,4901
2262,6,313
2263,6,6787
2264,6,9497
2265,6,9499
2266,6,55
2267,7,1228
2268,7,35002
2269,7,35148
2270,7,35010
2271,7,1254
2272,7,170
2273,7,141
2274,7,35008
2275,7,1226
2276,7,116
2277,7,156
2278,7,169
2279,7,1231
2280,7,162
2281,7,1217
2282,7,1214
2283,7,124
2284,7,1260
2285,7,1219
2286,7,1243
2287,7,59826
2288,7,1213
2289,7,1212
2290,7,1222
2291,7,119
2292,7,164
2293,7,1233
2294,7,35055
2295,7,150
2296,7,1223
2297,7,168
2298,7,149
2299,7,155
2300,7,40965
2301,7,115
2302,7,1361
2303,7,1360
2304,7,34802
2305,7,1357
2306,7,34804
2307,7,53
2308,7,1355
2309,7,1354
2310,7,1353
2311,7,1349
2312,7,1348
2313,7,34837
2314,7,58
2315,7,1345
2316,7,63
2317,7,1342
2318,7,34843
2319,7,65
2320,7,67
2321,7,1362
2322,7,1364
2323,7,1366
2324,7,1367
2325,7,1395
2326,7,34686
2327,7,14
2328,7,1389
2329,7,1386
2330,7,34699
2331,7,34700
2332,7,1385
2333,7,23
2334,7,1337
2335,7,1383
2336,7,34733
2337,7,1378
2338,7,1377
2339,7,34739
2340,7,1374
2341,7,34742
2342,7,1372
2343,7,31
2344,7,34760
2345,7,1382
2346,7,1335
2347,7,1333
2348,7,34851
2349,7,1289
2350,7,1288
2351,7,1287
2352,7,1286
2353,7,1285
2354,7,1284
2355,7,90
2356,7,1283
2357,7,1282
2358,7,87
2359,7,92
2360,7,1278
2361,7,1274
2362,7,103
2363,7,1271
2364,7,1270
2365,7,1269
2366,7,34995
2367,7,109
2368,7,35000
2369,7,97
2370,7,35001
2371,7,86
2372,7,1292
2373,7,34852
2374,7,65456
2375,7,72
2376,7,1329
2377,7,78
2378,7,34878
2379,7,34881
2380,7,34883
2381,7,79
2382,7,85
2383,7,1311
2384,7,1307
2385,7,34890
2386,7,34891
2387,7,1306
2388,7,1305
2389,7,1301
2390,7,34936
2391,7,1295
2392,7,82
2393,7,1310
2394,7,1206
2395,7,1149
2396,7,172
2397,7,294
2398,7,43570
2399,7,34684
2400,7,471
2401,7,469
2402,7,36635
2403,7,43089
2404,7,467
2405,7,36638
2406,7,36639
2407,7,302
2408,7,36558
2409,7,459
2410,7,303
2411,7,306
2412,7,307
2413,7,42579
2414,7,452
2415,7,448
2416,7,442
2417,7,441
2418,7,439
2419,7,438
2420,7,36667
2421,7,458
2422,7,36557
2423,7,480
2424,7,288
2425,7,521
2426,7,254
2427,7,518
2428,7,517
2429,7,36248
2430,7,513
2431,7,36336
2432,7,262
2433,7,507
2434,7,506
2435,7,263
2436,7,36410
2437,7,501
2438,7,265
2439,7,499
2440,7,269
2441,7,270
2442,7,36475
2443,7,273
2444,7,46507
2445,7,277
2446,7,279
2447,7,284
2448,7,285
2449,7,485
2450,7,310
2451,7,526
2452,7,435
2453,7,432
2454,7,336
2455,7,38378
2456,7,393
2457,7,38520
2458,7,392
2459,7,391
2460,7,388
2461,7,387
2462,7,342
2463,7,39228
2464,7,344
2465,7,333
2466,7,39229
2467,7,39615
2468,7,378
2469,7,41552
2470,7,39618
2471,7,374
2472,7,354
2473,7,369
2474,7,365
2475,7,363
2476,7,360
2477,7,40964
2478,7,385
2479,7,396
2480,7,36723
2481,7,36722
2482,7,431
2483,7,311
2484,7,424
2485,7,422
2486,7,36678
2487,7,419
2488,7,417
2489,7,314
2490,7,316
2491,7,411
2492,7,410
2493,7,409
2494,7,406
2495,7,318
2496,7,399
2497,7,42379
2498,7,320
2499,7,36714
2500,7,321
2501,7,36717
2502,7,327
2503,7,36718
2504,7,36719
2505,7,36720
2506,7,36721
2507,7,433
2508,7,1205
2509,7,36219
2510,7,531
2511,7,35441
2512,7,1175
2513,7,198
2514,7,1173
2515,7,1172
2516,7,35478
2517,7,35479
2518,7,35480
2519,7,1170
2520,7,1168
2521,7,1165
2522,7,1179
2523,7,1162
2524,7,35612
2525,7,1161
2526,7,1157
2527,7,1151
2528,7,35694
2529,7,35695
2530,7,1147
2531,7,1145
2532,7,202
2533,7,1141
2534,7,1139
2535,7,35611
2536,7,35439
2537,7,35437
2538,7,1181
2539,7,1202
2540,7,174
2541,7,1199
2542,7,175
2543,7,177
2544,7,35260
2545,7,1195
2546,7,181
2547,7,182
2548,7,185
2549,7,51250
2550,7,186
2551,7,1192
2552,7,35311
2553,7,189
2554,7,1190
2555,7,1189
2556,7,1188
2557,7,1186
2558,7,191
2559,7,35376
2560,7,35431
2561,7,35432
2562,7,1183
2563,7,1182
2564,7,1136
2565,7,530
2566,7,1134
2567,7,1130
2568,7,571
2569,7,570
2570,7,233
2571,7,35922
2572,7,563
2573,7,236
2574,7,560
2575,7,558
2576,7,35971
2577,7,555
2578,7,554
2579,7,35882
2580,7,551
2581,7,547
2582,7,546
2583,7,36046
2584,7,541
2585,7,540
2586,7,48148
2587,7,248
2588,7,534
2589,7,533
2590,7,36134
2591,7,252
2592,7,36006
2593,7,574
2594,7,232
2595,7,231
2596,7,206
2597,7,1129
2598,7,1120
2599,7,209
2600,7,613
2601,7,212
2602,7,607
2603,7,35756
2604,7,601
2605,7,597
2606,7,595
2607,7,594
2608,7,218
2609,7,592
2610,7,35844
2611,7,223
2612,7,225
2613,7,226
2614,7,229
2615,7,35849
2616,7,587
2617,7,586
2618,7,585
2619,7,35854
2620,7,35856
2621,7,35702
2622,7,1397
2623,7,1668
2624,7,34681
2625,7,3244
2626,7,12046
2627,7,4326
2628,7,4351
2629,7,12021
2630,7,4373
2631,7,3136
2632,7,12005
2633,7,4451
2634,7,4459
2635,7,11947
2636,7,4497
2637,7,11939
2638,7,4503
2639,7,4444
2640,7,4594
2641,7,3134
2642,7,3118
2643,7,12179
2644,7,2895
2645,7,2898
2646,7,2902
2647,7,2906
2648,7,12143
2649,7,12086
2650,7,2910
2651,7,2916
2652,7,2918
2653,7,2920
2654,7,3054
2655,7,3062
2656,7,12121
2657,7,2914
2658,7,4675
2659,7,11883
2660,7,11882
2661,7,4884
2662,7,4906
2663,7,5011
2664,7,5171
2665,7,5172
2666,7,5190
2667,7,4881
2668,7,11515
2669,7,5279
2670,7,5285
2671,7,11428
2672,7,11398
2673,7,5301
2674,7,5311
2675,7,5245
2676,7,4880
2677,7,4879
2678,7,4878
2679,7,4697
2680,7,11837
2681,7,11821
2682,7,4725
2683,7,11811
2684,7,4788
2685,7,11781
2686,7,4793
2687,7,4812
2688,7,11776
2689,7,4833
2690,7,4835
2691,7,4837
2692,7,4851
2693,7,4874
2694,7,2892
2695,7,2889
2696,7,12182
2697,7,2743
2698,7,2118
2699,7,12785
2700,7,2121
2701,7,12625
2702,7,2128
2703,7,12613
2704,7,2117
2705,7,12612
2706,7,2132
2707,7,12584
2708,7,2133
2709,7,2137
2710,7,12534
2711,7,2141
2712,7,2131
2713,7,2116
2714,7,2112
2715,7,12882
2716,7,2067
2717,7,2068
2718,7,2073
2719,7,2077
2720,7,2086
2721,7,2092
2722,7,2096
2723,7,12969
2724,7,12951
2725,7,12950
2726,7,2103
2727,7,2104
2728,7,12893
2729,7,2108
2730,7,2110
2731,7,2142
2732,7,11392
2733,7,2143
2734,7,12421
2735,7,2678
2736,7,2680
2737,7,12292
2738,7,2690
2739,7,12281
2740,7,2698
2741,7,2676
2742,7,2725
2743,7,2727
2744,7,12241
2745,7,12222
2746,7,12214
2747,7,12200
2748,7,2735
2749,7,12243
2750,7,2183
2751,7,2173
2752,7,2165
2753,7,2144
2754,7,12418
2755,7,12408
2756,7,2147
2757,7,2148
2758,7,2151
2759,7,12402
2760,7,12401
2761,7,2153
2762,7,12373
2763,7,12361
2764,7,2159
2765,7,12358
2766,7,12357
2767,7,2163
2768,7,12422
2769,7,2065
2770,7,11391
2771,7,11376
2772,7,7231
2773,7,10350
2774,7,7329
2775,7,10325
2776,7,10324
2777,7,7387
2778,7,7174
2779,7,10299
2780,7,10297
2781,7,7395
2782,7,7397
2783,7,10291
2784,7,8970
2785,7,8991
2786,7,7389
2787,7,9023
2788,7,7173
2789,7,7144
2790,7,7034
2791,7,7072
2792,7,10494
2793,7,7078
2794,7,10491
2795,7,10488
2796,7,10398
2797,7,10487
2798,7,7096
2799,7,7098
2800,7,7099
2801,7,10460
2802,7,10458
2803,7,10418
2804,7,7079
2805,7,10098
2806,7,9034
2807,7,10071
2808,7,9488
2809,7,9866
2810,7,9535
2811,7,9549
2812,7,9571
2813,7,9855
2814,7,9458
2815,7,9575
2816,7,9587
2817,7,9795
2818,7,9627
2819,7,9780
2820,7,9771
2821,7,9643
2822,7,9843
2823,7,9890
2824,7,9425
2825,7,9393
2826,7,9141
2827,7,9142
2828,7,9174
2829,7,9184
2830,7,10033
2831,7,10017
2832,7,9226
2833,7,9244
2834,7,9273
2835,7,9994
2836,7,9344
2837,7,9935
2838,7,9923
2839,7,9917
2840,7,9388
2841,7,7033
2842,7,10532
2843,7,6930
2844,7,6907
2845,7,6020
2846,7,11214
2847,7,6046
2848,7,11202
2849,7,11195
2850,7,11170
2851,7,11229
2852,7,11137
2853,7,11134
2854,7,6114
2855,7,11103
2856,7,11071
2857,7,6179
2858,7,6187
2859,7,11135
2860,7,11231
2861,7,6013
2862,7,6012
2863,7,11359
2864,7,11352
2865,7,5432
2866,7,11314
2867,7,5563
2868,7,11305
2869,7,5684
2870,7,5685
2871,7,5702
2872,7,11250
2873,7,5722
2874,7,5723
2875,7,5733
2876,7,11246
2877,7,5773
2878,7,6233
2879,7,5324
2880,7,6234
2881,7,6235
2882,7,6619
2883,7,6710
2884,7,6730
2885,7,6732
2886,7,6736
2887,7,6808
2888,7,6603
2889,7,6827
2890,7,10590
2891,7,10580
2892,7,6879
2893,7,6880
2894,7,10550
2895,7,10538
2896,7,6834
2897,7,6557
2898,7,10703
2899,7,6548
2900,7,6254
2901,7,10868
2902,7,6285
2903,7,6334
2904,7,10832
2905,7,6354
2906,7,6364
2907,7,10814
2908,7,6404
2909,7,10807
2910,7,6424
2911,7,6432
2912,7,6471
2913,7,6478
2914,7,10766
2915,7,10879
2916,7,34682
2917,7,2061
2918,7,2058
2919,7,1614
2920,7,17074
2921,7,17070
2922,7,1626
2923,7,1628
2924,7,1635
2925,7,1607
2926,7,16976
2927,7,1640
2928,7,16971
2929,7,1646
2930,7,16915
2931,7,16893
2932,7,16891
2933,7,1636
2934,7,1659
2935,7,17408
2936,7,17415
2937,7,17692
2938,7,17655
2939,7,1556
2940,7,1558
2941,7,17555
2942,7,1561
2943,7,1600
2944,7,1568
2945,7,1580
2946,7,1586
2947,7,1589
2948,7,17420
2949,7,17419
2950,7,17416
2951,7,17483
2952,7,1664
2953,7,16761
2954,7,1692
2955,7,1760
2956,7,1764
2957,7,1766
2958,7,16488
2959,7,16453
2960,7,1772
2961,7,16509
2962,7,1773
2963,7,1780
2964,7,16325
2965,7,16275
2966,7,1790
2967,7,1799
2968,7,1806
2969,7,1778
2970,7,1756
2971,7,1745
2972,7,1743
2973,7,16691
2974,7,1699
2975,7,1705
2976,7,1707
2977,7,16655
2978,7,16654
2979,7,1708
2980,7,1710
2981,7,1712
2982,7,1716
2983,7,1718
2984,7,16582
2985,7,1731
2986,7,16578
2987,7,16570
2988,7,1550
2989,7,17706
2990,7,1544
2991,7,1542
2992,7,34474
2993,7,1434
2994,7,34471
2995,7,34470
2996,7,1436
2997,7,34466
2998,7,34476
2999,7,34465
3000,7,34407
3001,7,1441
3002,7,1442
3003,7,1443
3004,7,1445
3005,7,34402
3006,7,1439
3007,7,34478
3008,7,34531
3009,7,1424
3010,7,34679
3011,7,1399
3012,7,34677
3013,7,34674
3014,7,1401
3015,7,1402
3016,7,34601
3017,7,34597
3018,7,1412
3019,7,34593
3020,7,1416
3021,7,1420
3022,7,34547
3023,7,1422
3024,7,1423
3025,7,1446
3026,7,1810
3027,7,1447
3028,7,1451
3029,7,1516
3030,7,18666
3031,7,1517
3032,7,1518
3033,7,1522
3034,7,18326
3035,7,1510
3036,7,1528
3037,7,1530
3038,7,1534
3039,7,1535
3040,7,17755
3041,7,1538
3042,7,17752
3043,7,18324
3044,7,1509
3045,7,1503
3046,7,31610
3047,7,1459
3048,7,1462
3049,7,1464
3050,7,1465
3051,7,1475
3052,7,1482
3053,7,1489
3054,7,1490
3055,7,34323
3056,7,34322
3057,7,1496
3058,7,34319
3059,7,1499
3060,7,34316
3061,7,1501
3062,7,34399
3063,7,13283
3064,7,1812
3065,7,1814
3066,7,1975
3067,7,1976
3068,7,1978
3069,7,1981
3070,7,1984
3071,7,1986
3072,7,14094
3073,7,1988
3074,7,1990
3075,7,1993
3076,7,1996
3077,7,13937
3078,7,13934
3079,7,13868
3080,7,14036
3081,7,2003
3082,7,14105
3083,7,1970
3084,7,1948
3085,7,14222
3086,7,1949
3087,7,1950
3088,7,14211
3089,7,1951
3090,7,14107
3091,7,14173
3092,7,1960
3093,7,1964
3094,7,1965
3095,7,1966
3096,7,1969
3097,7,14130
3098,7,1959
3099,7,2008
3100,7,2009
3101,7,2011
3102,7,13370
3103,7,2041
3104,7,13367
3105,7,2046
3106,7,13356
3107,7,2050
3108,7,13374
3109,7,2051
3110,7,2052
3111,7,13296
3112,7,13294
3113,7,13293
3114,7,2053
3115,7,2057
3116,7,13298
3117,7,13443
3118,7,2036
3119,7,2032
3120,7,2012
3121,7,2015
3122,7,13726
3123,7,13693
3124,7,13692
3125,7,2016
3126,7,13660
3127,7,2018
3128,7,13652
3129,7,2021
3130,7,2025
3131,7,13583
3132,7,2026
3133,7,2028
3134,7,2030
3135,7,14225
3136,7,1942
3137,7,1938
3138,7,14620
3139,7,15936
3140,7,1857
3141,7,15934
3142,7,1858
3143,7,1863
3144,7,1865
3145,7,1856
3146,7,15792
3147,7,15734
3148,7,1871
3149,7,15704
3150,7,1872
3151,7,15693
3152,7,1874
3153,7,1870
3154,7,1853
3155,7,1852
3156,7,16005
3157,7,1816
3158,7,1818
3159,7,16128
3160,7,1824
3161,7,16119
3162,7,16118
3163,7,1826
3164,7,16108
3165,7,16056
3166,7,16054
3167,7,1842
3168,7,1843
3169,7,1848
3170,7,16008
3171,7,1850
3172,7,1875
3173,7,1813
3174,7,1878
3175,7,1880
3176,7,1917
3177,7,1920
3178,7,1921
3179,7,14824
3180,7,14799
3181,7,14783
3182,7,1916
3183,7,1924
3184,7,1930
3185,7,14746
3186,7,1931
3187,7,1933
3188,7,14657
3189,7,1937
3190,7,1929
3191,7,14943
3192,7,14945
3193,7,1909
3194,7,1882
3195,7,1883
3196,7,15125
3197,7,1884
3198,7,1889
3199,7,1891
3200,7,1892
3201,7,1893
3202,7,15065
3203,7,1896
3204,7,1901
3205,7,1905
3206,7,15000
3207,7,1908
3208,7,14988
3209,7,15612
3210,7,8995
